label,Pitch,Duty,Height,T
1,200,0.52,400,92.85686321
2,200,0.46,335,90.6458773
3,200,0.6,280,90.02452401
4,200,0.72,360,91.69944055
5,200,0.44,200,92.38176765
6,200,0.6,425,92.81197078
